epoch,time,train/box_loss,train/seg_loss,train/cls_loss,train/dfl_loss,train/sem_loss,metrics/precision(B),metrics/recall(B),metrics/mAP50(B),metrics/mAP50-95(B),metrics/precision(M),metrics/recall(M),metrics/mAP50(M),metrics/mAP50-95(M),val/box_loss,val/seg_loss,val/cls_loss,val/dfl_loss,val/sem_loss,lr/pg0,lr/pg1,lr/pg2
1,3.76471,1.19319,1.68802,1.96322,0.01216,0.94135,0.77244,0.46819,0.55752,0.39363,0.70551,0.41856,0.48247,0.32351,1.46151,2.44777,2.72206,0.01601,0,3.335e-05,3.335e-05,3.335e-05
2,7.60197,1.13898,1.56155,1.84459,0.01102,0.95277,0.77014,0.75432,0.81354,0.64002,0.77014,0.75432,0.81354,0.55806,1.02823,1.42456,1.0739,0.0111,0,7.19173e-05,7.19173e-05,7.19173e-05
3,11.5499,0.79773,0.99822,1.05998,0.00792,0.54989,0.82691,0.87809,0.89128,0.75227,0.78516,0.89921,0.88843,0.68774,0.78605,1.08115,0.67971,0.00832,0,0.0001089,0.0001089,0.0001089
4,14.8723,0.74655,1.00607,0.79777,0.00734,0.49415,0.84051,0.93122,0.91862,0.80792,0.82668,0.91622,0.90921,0.73351,0.67679,0.9072,0.55303,0.00728,0,0.000144297,0.000144297,0.000144297
5,18.4874,0.61583,0.92379,0.77878,0.00539,0.39414,0.84344,0.92233,0.92307,0.82913,0.82904,0.90751,0.91398,0.75405,0.59711,0.81289,0.51771,0.00626,0,0.00017811,0.00017811,0.00017811
6,21.8486,0.56943,0.76113,0.50166,0.00542,0.29957,0.86711,0.91406,0.91378,0.82651,0.86711,0.91406,0.91378,0.75836,0.55195,0.77621,0.56559,0.00544,0,0.000210338,0.000210338,0.000210338
7,25.0467,0.57857,0.83499,0.62569,0.00506,0.35497,0.87349,0.93065,0.91725,0.84193,0.87349,0.93065,0.91725,0.77242,0.5336,0.71639,0.50695,0.00535,0,0.000240982,0.000240982,0.000240982
8,28.2325,0.569,0.744,0.66654,0.00489,0.35929,0.88524,0.92703,0.92565,0.8552,0.88524,0.92703,0.92565,0.78176,0.49583,0.65063,0.46169,0.00487,0,0.00027004,0.00027004,0.00027004
9,31.5156,0.62402,0.68893,0.57928,0.00499,0.31044,0.89715,0.9139,0.93124,0.86056,0.89715,0.9139,0.93124,0.81127,0.46835,0.59918,0.42693,0.00443,0,0.000297514,0.000297514,0.000297514
10,34.6672,0.51878,0.62589,0.4206,0.00419,0.24386,0.87529,0.94744,0.92844,0.86898,0.87529,0.94744,0.92844,0.80565,0.43266,0.61764,0.46598,0.00399,0,0.000323403,0.000323403,0.000323403
11,37.8777,0.49867,0.82854,0.49334,0.00415,0.23668,0.89225,0.92972,0.93948,0.87223,0.89225,0.92972,0.93948,0.82403,0.46566,0.59249,0.45017,0.00432,0,0.000347707,0.000347707,0.000347707
12,40.8698,0.56007,0.79602,0.56868,0.00429,0.27738,0.86878,0.9466,0.94897,0.87723,0.86878,0.9466,0.94897,0.84421,0.47469,0.54191,0.44043,0.0045,0,0.000370426,0.000370426,0.000370426
13,44.0917,0.48766,0.58923,0.48391,0.00405,0.24451,0.89212,0.91652,0.94687,0.872,0.89212,0.91652,0.94687,0.85887,0.48096,0.52194,0.45382,0.00438,0,0.000391561,0.000391561,0.000391561
14,47.7917,0.6624,0.93469,0.62074,0.00657,0.29447,0.86725,0.96489,0.94811,0.86737,0.86725,0.96489,0.94811,0.84787,0.52698,0.53218,0.44968,0.00491,0,0.000411111,0.000411111,0.000411111
15,51.3023,0.44151,0.58774,0.41205,0.00347,0.19466,0.85296,0.94917,0.94403,0.86571,0.85296,0.94917,0.94403,0.84219,0.49692,0.54314,0.47313,0.00449,0,0.000429076,0.000429076,0.000429076
16,54.6749,0.50953,0.56388,0.46157,0.00403,0.20807,0.88807,0.90996,0.9393,0.87142,0.88807,0.90996,0.9393,0.83675,0.44064,0.54367,0.46624,0.00376,0,0.000445456,0.000445456,0.000445456
17,57.9555,0.46144,0.53513,0.40477,0.00373,0.21395,0.89606,0.92462,0.95193,0.89583,0.89606,0.92462,0.95193,0.85213,0.40729,0.53502,0.41838,0.00359,0,0.000455694,0.000455694,0.000455694
18,61.3746,0.49571,0.58999,0.4385,0.00409,0.18143,0.87906,0.93868,0.95186,0.89792,0.87906,0.93868,0.95186,0.85663,0.39972,0.5357,0.38126,0.00359,0,0.000442488,0.000442488,0.000442488
19,64.5826,0.48953,0.54332,0.45779,0.00378,0.24206,0.8929,0.92634,0.94863,0.87927,0.8929,0.92634,0.94863,0.85944,0.4378,0.5321,0.38114,0.00395,0,0.000429281,0.000429281,0.000429281
20,67.7697,0.49204,0.60377,0.49054,0.00383,0.21515,0.88775,0.94177,0.94826,0.90237,0.88775,0.94177,0.94826,0.85253,0.39349,0.53635,0.35945,0.00364,0,0.000416075,0.000416075,0.000416075
21,70.975,0.45269,0.61595,0.48074,0.00338,0.21036,0.89001,0.9466,0.95163,0.89474,0.89001,0.9466,0.95163,0.84513,0.41148,0.54487,0.37722,0.00388,0,0.000402868,0.000402868,0.000402868
22,74.4818,0.43914,0.57733,0.3633,0.00325,0.1964,0.88627,0.95589,0.95932,0.91366,0.88627,0.95589,0.95932,0.85631,0.38317,0.52705,0.34074,0.00353,0,0.000389661,0.000389661,0.000389661
23,77.6697,0.51076,0.6711,0.44857,0.00393,0.18477,0.87104,0.95182,0.95545,0.90196,0.87104,0.95182,0.95545,0.8733,0.38338,0.50095,0.37491,0.00341,0,0.000376455,0.000376455,0.000376455
24,81.0024,0.41993,0.54761,0.41473,0.00336,0.16899,0.8699,0.96214,0.95828,0.90643,0.8699,0.96214,0.95828,0.87765,0.38986,0.48317,0.37745,0.00354,0,0.000363248,0.000363248,0.000363248
25,84.0933,0.47801,0.51501,0.3959,0.00343,0.20062,0.84415,0.97,0.9531,0.90147,0.84415,0.97,0.9531,0.87891,0.38763,0.47863,0.3812,0.00345,0,0.000350042,0.000350042,0.000350042
26,87.3353,0.44867,0.53351,0.37887,0.0032,0.18068,0.86176,0.94918,0.95305,0.89025,0.86176,0.94918,0.95305,0.87715,0.44269,0.48404,0.39359,0.0039,0,0.000336835,0.000336835,0.000336835
27,90.514,0.46031,0.54635,0.39667,0.00348,0.20142,0.89798,0.91239,0.96382,0.91298,0.89798,0.91239,0.96382,0.88741,0.40386,0.47706,0.3732,0.00357,0,0.000323628,0.000323628,0.000323628
28,93.9689,0.47416,0.476,0.41026,0.00383,0.14218,0.93737,0.89772,0.96397,0.93493,0.93737,0.89772,0.96397,0.88971,0.35809,0.46451,0.36289,0.00317,0,0.000310422,0.000310422,0.000310422
29,97.2477,0.45525,0.52668,0.42821,0.00373,0.18477,0.93454,0.90106,0.96511,0.92266,0.93454,0.90106,0.96511,0.88625,0.37054,0.45876,0.36236,0.00333,0,0.000297215,0.000297215,0.000297215
30,100.465,0.49797,0.63461,0.43675,0.00366,0.19577,0.93907,0.90937,0.96702,0.93879,0.93907,0.90937,0.96702,0.88606,0.35874,0.44837,0.33713,0.0031,0,0.000284009,0.000284009,0.000284009
31,103.968,0.422,0.52435,0.4345,0.00304,0.19681,0.93813,0.90823,0.9672,0.933,0.93813,0.90823,0.9672,0.89116,0.36215,0.44546,0.33314,0.00315,0,0.000270802,0.000270802,0.000270802
32,107.267,0.3857,0.47686,0.34695,0.00296,0.16574,0.93922,0.90759,0.9658,0.91962,0.93922,0.90759,0.9658,0.89028,0.37119,0.43933,0.33932,0.00331,0,0.000257595,0.000257595,0.000257595
33,110.441,0.40219,0.43621,0.26464,0.00313,0.09976,0.93031,0.92419,0.96516,0.92662,0.93031,0.92419,0.96516,0.88935,0.36465,0.43752,0.33972,0.00326,0,0.000244389,0.000244389,0.000244389
34,113.537,0.3944,0.49851,0.40978,0.00313,0.11134,0.92849,0.93017,0.96598,0.92196,0.92849,0.93017,0.96598,0.88869,0.38136,0.43585,0.34052,0.00344,0,0.000231182,0.000231182,0.000231182
35,116.497,0.42039,0.52504,0.38792,0.00333,0.18285,0.93589,0.91615,0.96509,0.9187,0.93589,0.91615,0.96509,0.88943,0.39463,0.43495,0.34166,0.00357,0,0.000217976,0.000217976,0.000217976
36,119.892,0.40287,0.50375,0.36346,0.00321,0.13059,0.90081,0.94046,0.96112,0.92692,0.90081,0.94046,0.96112,0.89172,0.34923,0.43293,0.33903,0.00308,0,0.000204769,0.000204769,0.000204769
37,123.075,0.45963,0.55432,0.37013,0.00347,0.1649,0.89113,0.95148,0.9573,0.92882,0.89113,0.95148,0.9573,0.88505,0.3307,0.4321,0.33911,0.00292,0,0.000191562,0.000191562,0.000191562
38,126.487,0.4235,0.49904,0.34365,0.00345,0.15885,0.93566,0.88981,0.95893,0.94145,0.93566,0.88981,0.95893,0.89083,0.31122,0.42898,0.33695,0.00275,0,0.000178356,0.000178356,0.000178356
39,129.397,0.4119,0.47751,0.34703,0.00296,0.17461,0.88561,0.93269,0.96034,0.94175,0.88561,0.93269,0.96034,0.8935,0.30216,0.42756,0.32932,0.00267,0,0.000165149,0.000165149,0.000165149
40,132.455,0.37794,0.45047,0.33087,0.00299,0.16531,0.89612,0.94163,0.96193,0.93856,0.89612,0.94163,0.96193,0.89812,0.3064,0.4234,0.32359,0.00275,0,0.000151943,0.000151943,0.000151943
41,136.751,0.30548,0.41011,0.22874,0.00288,0.07336,0.89466,0.94241,0.96116,0.93451,0.89466,0.94241,0.96116,0.89487,0.3293,0.42132,0.32969,0.00297,0,0.000138736,0.000138736,0.000138736
42,139.913,0.32521,0.40309,0.20172,0.00323,0.0803,0.89781,0.9457,0.95653,0.91794,0.89781,0.9457,0.95653,0.89397,0.37324,0.41749,0.34383,0.00334,0,0.000125529,0.000125529,0.000125529
43,143.064,0.34922,0.40136,0.27146,0.00344,0.10971,0.9027,0.94462,0.95497,0.9149,0.9027,0.94462,0.95497,0.89123,0.37656,0.41638,0.34207,0.00337,0,0.000112323,0.000112323,0.000112323
44,146.316,0.3544,0.42346,0.20179,0.00319,0.07337,0.9015,0.94341,0.95574,0.92323,0.9015,0.94341,0.95574,0.888,0.34597,0.41441,0.33284,0.00306,0,9.91162e-05,9.91162e-05,9.91162e-05
45,149.243,0.32074,0.4033,0.22024,0.00317,0.07916,0.90306,0.94121,0.95769,0.92992,0.90306,0.94121,0.95769,0.89142,0.32271,0.41368,0.3279,0.00284,0,8.59096e-05,8.59096e-05,8.59096e-05
46,152.357,0.30044,0.39602,0.19636,0.00275,0.07636,0.91559,0.93943,0.9613,0.93754,0.91559,0.93943,0.9613,0.89188,0.30052,0.41289,0.30725,0.00268,0,7.2703e-05,7.2703e-05,7.2703e-05
47,155.238,0.29887,0.39645,0.20607,0.0029,0.07442,0.91637,0.94024,0.96116,0.93821,0.91637,0.94024,0.96116,0.89034,0.29278,0.4126,0.31001,0.00258,0,5.94964e-05,5.94964e-05,5.94964e-05
48,158.276,0.29039,0.40316,0.22464,0.00277,0.07598,0.91748,0.93821,0.96308,0.94042,0.91748,0.93821,0.96308,0.89585,0.29087,0.41176,0.30659,0.00255,0,4.62898e-05,4.62898e-05,4.62898e-05
49,161.309,0.32622,0.40932,0.26574,0.00338,0.07286,0.91742,0.93823,0.96308,0.94119,0.91742,0.93823,0.96308,0.8948,0.28924,0.41167,0.30724,0.00254,0,3.30832e-05,3.30832e-05,3.30832e-05
50,164.381,0.28395,0.40003,0.19282,0.00281,0.06607,0.91914,0.9354,0.96467,0.9422,0.91914,0.9354,0.96467,0.89749,0.2914,0.411,0.30806,0.00254,0,1.98766e-05,1.98766e-05,1.98766e-05
